Time (s),Acceleration x (m/s^2),Acceleration y (m/s^2),Acceleration z (m/s^2),Absolute acceleration (m/s^2)
0.042603934,-0.0766144543886185,-0.0861912593245506,9.95987892150879,9.96054651306445
0.048158626,-0.0191536135971546,0.00957680679857731,9.97903251647949,9.97905549343711
0.053163549,-0.0191536135971546,-0.0478840321302414,9.89284133911133,9.89297576577831
0.058168472,-0.0191536135971546,-0.0861912593245506,9.84495735168457,9.84535327200532
0.063173319,-0.0478840321302414,-0.105344876646996,9.89284133911133,9.89351808935521
0.068178242,0.00957680679857731,-0.0478840321302414,9.85453414916992,9.85465513820335
0.073183088,-0.0670376494526863,-0.0478840321302414,9.95987892150879,9.9602196290088
0.078157473,-0.0383072271943092,-0.0478840321302414,10.0269165039063,10.027104013647
0.083162319,-0.0574608407914639,-0.0957680642604828,9.91199493408203,9.91262411491652
0.088167242,0,-0.0383072271943092,9.87368774414063,9.87376205468048
0.093172088,0.00957680679857731,-0.0861912593245506,9.92157173156738,9.921950729219
0.098177011,0,-0.0287304203957319,9.81622695922852,9.81626900365617
0.103181934,-0.0383072271943092,-0.0287304203957319,9.92157173156738,9.9216872811709
0.108156242,-0.00957680679857731,-0.0670376494526863,9.94072532653809,9.94095597914749
0.113161165,-0.0383072271943092,-0.0478840321302414,9.95030212402344,9.95049107750636
0.118166011,-0.0287304203957319,-0.0191536135971546,9.85453414916992,9.85459464387684
0.123170934,-0.0574608407914639,-0.105344876646996,9.87368774414063,9.87441689215384
0.12817578,-0.0957680642604828,-0.0670376494526863,9.88326454162598,9.88395586636938
0.133180703,-0.0191536135971546,-0.0383072271943092,9.94072532653809,9.94081758821903
0.138155088,0.00957680679857731,-0.0478840321302414,9.92157173156738,9.92169190311806
0.143160011,-0.0287304203957319,-0.0766144543886185,9.90241813659668,9.90275619025715
0.148164857,0,-0.0574608407914639,9.83538055419922,9.83554840332478
0.153169703,0,-0.0574608407914639,9.84495735168457,9.84512503753571
0.158174627,0.0191536135971546,0.00957680679857731,9.88326454162598,9.8832877412278
0.163179473,0.00957680679857731,-0.105344876646996,9.95987892150879,9.96044062225057
0.168153857,-0.0478840321302414,-0.0766144543886185,9.93114852905273,9.9315594828436
0.17315878,0,-0.12449848651886,9.90241813659668,9.9032007363854
0.178163627,-0.0191536135971546,-0.0383072271943092,9.94072532653809,9.94081758821903
0.18316855,0,-0.105344876646996,9.94072532653809,9.94128349664728
0.188173396,-0.0191536135971546,-0.0766144543886185,9.88326454162598,9.88358005154491
0.193178319,-0.0287304203957319,-0.0957680642604828,9.90241813659668,9.90292289736657
0.198183165,-0.0191536135971546,-0.0574608407914639,9.85453414916992,9.85472028554309
0.20315755,-0.0766144543886185,-0.0957680642604828,9.91199493408203,9.9127536471972
0.208162473,-0.0766144543886185,-0.0766144543886185,9.91199493408203,9.91258710541857
0.213167319,0.0191536135971546,-0.0191536135971546,9.89284133911133,9.89287842251474
0.218172242,-0.0191536135971546,-0.153228908777237,9.85453414916992,9.85574397275797
0.223177088,-0.0957680642604828,-0.0574608407914639,9.87368774414063,9.87431936586768
0.228182011,0.0191536135971546,-0.12449848651886,9.89284133911133,9.89364323668937
0.233156396,-0.00957680679857731,-0.0287304203957319,9.91199493408203,9.91204119874168
0.238161242,-0.0383072271943092,-0.00957680679857731,9.93114852905273,9.93122702715984
0.243166165,-0.0191536135971546,-0.0766144543886185,9.98860931396484,9.98892149646599
0.248171011,-0.0287304203957319,-0.0478840321302414,9.92157173156738,9.92172887868975
0.253175934,-0.0478840321302414,-0.0287304203957319,9.90241813659668,9.90257558767354
0.258180781,0.00957680679857731,-0.0861912593245506,9.92157173156738,9.921950729219
0.263155165,-0.143652096390724,-0.105344876646996,9.83538055419922,9.83699365221679
0.268160088,0.0287304203957319,-0.0287304203957319,9.86411094665527,9.86419462713691
0.273164935,-0.0861912593245506,-0.0766144543886185,9.90241813659668,9.90308960172552
0.278169858,-0.0574608407914639,-0.0478840321302414,9.85453414916992,9.85481800572256
0.283174704,-0.0383072271943092,-0.0574608407914639,9.89284133911133,9.89308237874879
0.288179627,-0.00957680679857731,-0.0287304203957319,9.90241813659668,9.90246444599946
0.293154011,-0.0287304203957319,-0.0670376494526863,9.88326454162598,9.88353365367173
0.298158858,0.0383072271943092,-0.114921681582928,9.97903251647949,9.97976775288424
0.303163781,-0.00957680679857731,-0.0478840321302414,9.95030212402344,9.95042194859629
0.308168627,0.0191536135971546,-0.0287304203957319,9.92157173156738,9.92163181752916
0.31317355,0.0287304203957319,-0.00957680679857731,9.87368774414063,9.87373418829357
0.318178396,-0.00957680679857731,-0.0670376494526863,9.95030212402344,9.95053255464339
0.323183319,-0.0574608407914639,-0.0383072271943092,9.92157173156738,9.92181207323122
0.328157704,-0.0383072271943092,0,9.89284133911133,9.89291550577914
0.33316255,-0.0861912593245506,-0.0670376494526863,9.91199493408203,9.91259635781141
0.338167473,-0.00957680679857731,0.0191536135971546,9.95987892150879,9.95990194265272
0.343172319,-0.0191536135971546,-0.0766144543886185,9.89284133911133,9.89315654360958
0.348177242,0.0287304203957319,-0.0574608407914639,9.98860931396484,9.98881590641783
0.353182089,-0.00957680679857731,-0.134075298905373,9.88326454162598,9.88417856479568
0.358156473,0,-0.0478840321302414,9.91199493408203,9.91211059531727
0.363161396,-0.0861912593245506,-0.0478840321302414,9.91199493408203,9.91248532846253
0.368166242,-0.0766144543886185,-0.0861912593245506,9.95030212402344,9.95097035806813
0.373171166,-0.0191536135971546,-0.0670376494526863,9.90241813659668,9.90266357397629
0.378176012,0.00957680679857731,-0.105344876646996,9.91199493408203,9.91255934819722
0.383180935,-0.0478840321302414,-0.0670376494526863,9.92157173156738,9.92191375449385
0.388155319,-0.00957680679857731,-0.0478840321302414,9.90241813659668,9.90253854058445
0.393160166,-0.0287304203957319,-0.0574608407914639,9.84495735168457,9.84516695855223
0.398165089,-0.0766144543886185,-0.0383072271943092,9.92157173156738,9.92194148556187
0.403169935,-0.0574608407914639,0.0191536135971546,9.89284133911133,9.89302675473832
0.408174858,-0.00957680679857731,-0.0957680642604828,9.85453414916992,9.85500413670724
0.413179704,-0.0287304203957319,-0.00957680679857731,9.89284133911133,9.89288769334387
0.418154089,-0.0383072271943092,-0.0478840321302414,9.85453414916992,9.85472493889832
0.423159012,-0.0766144543886185,-0.0957680642604828,9.9981861114502,9.99893828443546
0.428163858,-0.0670376494526863,-0.0766144543886185,9.90241813659668,9.90294142025814
0.433168781,-0.0287304203957319,-0.105344876646996,9.91199493408203,9.9125963578348
0.438173704,0.0287304203957319,-0.0957680642604828,9.88326454162598,9.88377028056347
0.44317855,0.00957680679857731,-0.0287304203957319,9.88326454162598,9.88331094077516
0.448183396,-0.0670376494526863,-0.0861912593245506,9.90241813659668,9.90302014193786
0.453157781,0,-0.0383072271943092,9.94072532653809,9.94079913595135
0.458162704,-0.0191536135971546,-0.0191536135971546,9.90241813659668,9.90245518413623
0.46316755,-0.0670376494526863,-0.0574608407914639,9.89284133911133,9.89323534317761
0.468172473,-0.0287304203957319,-0.0478840321302414,9.83538055419922,9.83553907843944
0.47317732,-0.0957680642604828,-0.114921681582928,9.92157173156738,9.92269943814016
0.478182243,0,-0.105344876646996,9.95030212402344,9.95085975694468
0.48315655,-0.0383072271943092,-0.0574608407914639,9.96945571899414,9.96969490630805
0.488161473,-0.0383072271943092,-0.105344876646996,9.95030212402344,9.95093349118747
0.493166397,-0.0574608407914639,-0.0478840321302414,9.87368774414063,9.87397105006645
0.498171243,-0.0478840321302414,-0.0670376494526863,9.89284133911133,9.89318435529265
0.503176166,-0.0287304203957319,-0.0957680642604828,9.91199493408203,9.91249920718565
0.508181012,-0.0287304203957319,-0.0383072271943092,9.93114852905273,9.93126396723084
0.513155397,-0.0861912593245506,-0.0478840321302414,9.92157173156738,9.92206165261807
0.518160243,-0.0287304203957319,-0.0287304203957319,9.98860931396484,9.98869195145878
0.523165166,-0.0191536135971546,-0.0478840321302414,9.85453414916992,9.8546690983819
0.528170089,-0.00957680679857731,-0.0574608407914639,9.89284133911133,9.89301284868684
0.533174935,-0.0191536135971546,-0.0191536135971546,9.95030212402344,9.95033899327922
0.538179858,-0.0478840321302414,-0.0574608407914639,9.91199493408203,9.91227714513801
0.543154166,0.0191536135971546,-0.0478840321302414,9.93114852905273,9.93128243720584
0.548159089,-0.0957680642604828,-0.0574608407914639,9.89284133911133,9.89347173802941
0.553163935,-0.0383072271943092,-0.0478840321302414,9.98860931396484,9.98879754280832
0.558168858,-0.0574608407914639,-0.00957680679857731,9.90241813659668,9.90258948030523
0.563173781,0.00957680679857731,-0.0383072271943092,9.91199493408203,9.91207358387495
0.568178628,0.0670376494526863,-0.0478840321302414,9.88326454162598,9.88360789017546
0.573183551,-0.0861912593245506,-0.0574608407914639,9.94072532653809,9.94126504520849
0.578157858,0,-0.0861912593245506,9.94072532653809,9.94109898104126
0.583162781,-0.0383072271943092,-0.0383072271943092,9.95987892150879,9.96002625591046
0.588167628,0,-0.0861912593245506,9.91199493408203,9.91236967159981
0.593172551,-0.0191536135971546,-0.12449848651886,9.95987892150879,9.96067542213752
0.598177474,-0.0574608407914639,-0.0766144543886185,9.87368774414063,9.87415217583963
0.60318232,0.00957680679857731,-0.0287304203957319,9.94072532653809,9.9407714574856
0.608156705,-0.0766144543886185,-0.12449848651886,9.93114852905273,9.93222436083041
0.613161551,-0.0191536135971546,-0.0287304203957319,9.97903251647949,9.97909225645925
0.618166474,-0.0957680642604828,-0.0574608407914639,9.97903251647949,9.97965747084096
0.62317132,-0.0383072271943092,-0.0766144543886185,9.92157173156738,9.92194148556187
0.628176243,0.00957680679857731,-0.0191536135971546,9.89284133911133,9.89286451625475
0.633181166,-0.0383072271943092,-0.105344876646996,9.97903251647949,9.97966206600434
0.638155474,-0.00957680679857731,-0.12449848651886,9.87368774414063,9.87447726500835
0.643160397,-0.0383072271943092,0.00957680679857731,9.93114852905273,9.93122702715984
0.648165243,-0.0861912593245506,-0.0191536135971546,9.93114852905273,9.93154101336767
0.653170166,0.0191536135971546,-0.0670376494526863,9.91199493408203,9.91224013433017
0.658175012,0.0287304203957319,-0.00957680679857731,9.95987892150879,9.95992496374343
0.663179935,-0.0670376494526863,-0.0478840321302414,9.86411094665527,9.86445496187709
0.66815432,-0.0478840321302414,-0.0766144543886185,9.90241813659668,9.90283028265926
0.673159166,0,-0.0766144543886185,9.87368774414063,9.87398498294453
0.678164089,-0.0383072271943092,-0.0478840321302414,9.91199493408203,9.91218461780531
0.683168935,-0.0383072271943092,-0.0574608407914639,9.86411094665527,9.86435268833207
0.688173859,-0.0670376494526863,-0.0861912593245506,9.96945571899414,9.97005367651614
0.693178705,-0.0478840321302414,-0.0191536135971546,9.96945571899414,9.96958911261802
0.698183628,-0.0191536135971546,-0.0287304203957319,9.88326454162598,9.88332486047743
0.703158012,-0.0861912593245506,-0.0287304203957319,9.90241813659668,9.90283491340934
0.708162859,-0.0191536135971546,-0.0574608407914639,9.91199493408203,9.912179991425
0.713167782,0.0478840321302414,-0.00957680679857731,9.92157173156738,9.92169190311806
0.718172628,-0.0478840321302414,-0.0478840321302414,9.92157173156738,9.92180282941075
0.723177551,-0.0191536135971546,-0.0478840321302414,9.87368774414063,9.87382243157328
0.728182397,0.0287304203957319,-0.0670376494526863,9.87368774414063,9.87395711719942
0.733156782,-0.0383072271943092,-0.0766144543886185,9.96945571899414,9.96982369710024
0.738161705,-0.0478840321302414,-0.0766144543886185,9.89284133911133,9.89325388413662
0.743166551,-0.0287304203957319,-0.0766144543886185,9.87368774414063,9.87402678143371
0.748171474,0.0191536135971546,0.0287304203957319,9.94072532653809,9.94078529672811
0.75317632,0,-0.0957680642604828,9.91199493408203,9.91245757092559
0.758181243,-0.0287304203957319,-0.0478840321302414,9.88326454162598,9.88342229783543
0.763155628,-0.0574608407914639,-0.0383072271943092,9.94072532653809,9.94096520512749
0.768160474,-0.00957680679857731,-0.134075298905373,9.9981861114502,9.99908962957131
0.773165397,-0.0383072271943092,-0.114921681582928,9.84495735168457,9.84570260027395
0.778170243,-0.00957680679857731,-0.134075298905373,9.84495735168457,9.84587493103041
0.783175166,-0.00957680679857731,-0.0383072271943092,9.85453414916992,9.8546132575581
0.788180013,-0.0670376494526863,-0.0478840321302414,9.86411094665527,9.86445496187709
0.793154397,-0.00957680679857731,-0.0383072271943092,9.96945571899414,9.96953391547813
0.79815932,0.0191536135971546,-0.0574608407914639,9.88326454162598,9.88345013691573
0.803164167,-0.0766144543886185,-0.0574608407914639,9.84495735168457,9.84542313866366
0.80816909,-0.0191536135971546,-0.0670376494526863,9.94072532653809,9.94096981813312
0.813173936,-0.0383072271943092,-0.0957680642604828,9.85453414916992,9.85507393493035
0.818178859,0,-0.0287304203957319,9.94072532653809,9.94076684440048
0.823183705,0.00957680679857731,-0.0574608407914639,9.92157173156738,9.9217427445026
0.82815809,-0.0191536135971546,-0.114921681582928,9.86411094665527,9.86479896509483
0.833163013,0,-0.0670376494526863,9.86411094665527,9.86433874187056
0.838167859,-0.0861912593245506,-0.0957680642604828,9.81622695922852,9.81707248472786
0.843172782,-0.0191536135971546,-0.0287304203957319,9.86411094665527,9.86417138262988
0.848177628,-0.0191536135971546,-0.0191536135971546,9.91199493408203,9.91203194582703
0.853182551,0.0574608407914639,-0.0383072271943092,9.95030212402344,9.95054177174415
0.858156936,0,-0.0861912593245506,9.91199493408203,9.91236967159981
0.863161782,0.00957680679857731,-0.0670376494526863,9.86411094665527,9.86434339069748
0.868166705,-0.00957680679857731,-0.0574608407914639,9.95030212402344,9.95047264318627
0.873171551,-0.0670376494526863,-0.105344876646996,9.88326454162598,9.88405329757186
0.878176474,-0.0574608407914639,-0.0191536135971546,9.95030212402344,9.95048646893626
0.883181321,0.00957680679857731,-0.0478840321302414,9.92157173156738,9.92169190311806
0.888155705,-0.0478840321302414,-0.0670376494526863,9.94072532653809,9.94106669048412
0.893160628,-0.0287304203957319,-0.00957680679857731,9.89284133911133,9.89288769334387
0.898165474,-0.0383072271943092,-0.0478840321302414,9.80665016174316,9.80684188304296
0.903170398,-0.0287304203957319,-0.0957680642604828,9.85453414916992,9.85504136248775
0.908175244,-0.0191536135971546,-0.0957680642604828,9.9981861114502,9.99866310574777
0.913180167,0.0478840321302414,-0.0861912593245506,9.95987892150879,9.96036695834205
0.918154551,-0.0191536135971546,-0.0287304203957319,9.90241813659668,9.90247833877807
0.923159398,-0.00957680679857731,0.0191536135971546,9.94072532653809,9.9407483920386
0.928164321,0,-0.0383072271943092,9.85453414916992,9.85460860414108
0.933169167,-0.0383072271943092,-0.00957680679857731,9.85453414916992,9.8546132575581
0.93817409,-0.0191536135971546,-0.0957680642604828,9.98860931396484,9.98908676556928
0.943178936,-0.0287304203957319,-0.0478840321302414,9.88326454162598,9.88342229783543
0.948153321,0.0191536135971546,-0.114921681582928,9.88326454162598,9.88395122679048
0.953158244,0.00957680679857731,-0.0670376494526863,9.88326454162598,9.88349653520625
0.95816309,0.0383072271943092,-0.0766144543886185,9.85453414916992,9.85490641840057
0.963168013,-0.0574608407914639,-0.0861912593245506,9.93114852905273,9.93168876815593
0.968172859,-0.0766144543886185,-0.0670376494526863,9.95030212402344,9.95082288961123
0.973177782,0.00957680679857731,-0.0861912593245506,9.87368774414063,9.8740685797297
0.978182628,0.0383072271943092,-0.00957680679857731,9.94072532653809,9.94080374902148
0.983157013,-0.0670376494526863,-0.105344876646996,9.94072532653809,9.94150952356611
0.988161936,-0.0574608407914639,-0.0383072271943092,9.90241813659668,9.90265894312627
0.993166782,-0.0478840321302414,-0.105344876646996,9.90241813659668,9.90309423238857
0.998171705,0,-0.0861912593245506,9.94072532653809,9.94109898104126
1.003176552,-0.0670376494526863,-0.0957680642604828,9.90241813659668,9.90310812424944
1.008181475,-0.0574608407914639,-0.0383072271943092,9.94072532653809,9.94096520512749
1.013155782,-0.134075298905373,-0.0670376494526863,9.90241813659668,9.90355265469011
1.018160706,-0.0287304203957319,-0.0574608407914639,9.85453414916992,9.85474355234253
1.023165629,-0.0957680642604828,-0.105344876646996,9.94072532653809,9.9417447705543
1.028170475,-0.0287304203957319,0,9.86411094665527,9.86415278698483
1.033175398,-0.00957680679857731,-0.0670376494526863,9.90241813659668,9.90264968145756
1.038180244,-0.00957680679857731,-0.0383072271943092,9.92157173156738,9.92165030544419
1.043154629,-0.00957680679857731,-0.114921681582928,9.85453414916992,9.85520887679619
1.048159475,-0.0191536135971546,-0.0478840321302414,9.90241813659668,9.9025524332591
1.053164398,-0.0670376494526863,-0.0861912593245506,9.90241813659668,9.90302014193786
1.058169321,0,-0.0574608407914639,9.89284133911133,9.893008213332
1.063174167,0,-0.105344876646996,9.92157173156738,9.92213097916333
1.06817909,-0.0478840321302414,0.00957680679857731,9.92157173156738,9.92169190311806
1.073153398,-0.00957680679857731,-0.134075298905373,9.98860931396484,9.98951369827532
1.078158321,-0.0287304203957319,-0.0766144543886185,9.81622695922852,9.81656798105947
1.083163167,-0.105344876646996,-0.0766144543886185,9.92157173156738,9.92242676678916
1.08816809,-0.0383072271943092,-0.105344876646996,9.94072532653809,9.94135730191642
1.093172936,-0.0191536135971546,-0.0191536135971546,9.89284133911133,9.89287842251474
1.09817786,-0.0287304203957319,-0.0957680642604828,9.84495735168457,9.84546505837466
1.103182783,0.00957680679857731,-0.0957680642604828,9.96945571899414,9.96992028906679
1.10815709,-0.0383072271943092,-0.0670376494526863,9.92157173156738,9.92187215775009
1.113162013,-0.0861912593245506,-0.0574608407914639,9.98860931396484,9.98914644543935
1.11816686,-0.0574608407914639,-0.0191536135971546,9.95030212402344,9.95048646893626
1.123171783,0.0287304203957319,-0.0670376494526863,9.85453414916992,9.85480404577668
1.128176629,-0.0383072271943092,-0.0478840321302414,9.85453414916992,9.85472493889832
1.133181552,-0.0670376494526863,-0.0766144543886185,9.91199493408203,9.91251771218258
1.138155937,0.00957680679857731,-0.0191536135971546,9.93114852905273,9.9311716167957
1.143160783,-0.0478840321302414,-0.0957680642604828,9.93114852905273,9.9317257064808
1.148165706,-0.0191536135971546,-0.0191536135971546,9.92157173156738,9.92160870758692
1.153170552,-0.0191536135971546,-0.0383072271943092,9.85453414916992,9.85462721779598
1.158175475,-0.0478840321302414,-0.0861912593245506,9.93114852905273,9.93163797768642
1.163180321,-0.0670376494526863,-0.0478840321302414,9.84495735168457,9.84530203617265
1.168154706,-0.0287304203957319,-0.0670376494526863,9.92157173156738,9.92183980459961
1.173159629,-0.0191536135971546,-0.0478840321302414,9.9981861114502,9.99831912176454
1.178164552,-0.0383072271943092,-0.0670376494526863,9.81622695922852,9.81653060939476
1.183169398,0.0287304203957319,-0.0478840321302414,9.95987892150879,9.96003546422924
1.188174244,-0.0191536135971546,-0.0574608407914639,9.84495735168457,9.84514366912065
1.193179167,-0.00957680679857731,-0.0957680642604828,9.90241813659668,9.90288585157678
1.198153552,-0.0287304203957319,-0.0191536135971546,9.85453414916992,9.85459464387684
1.203158398,-0.0383072271943092,-0.0574608407914639,9.91199493408203,9.91223550795418
1.208163321,-0.0191536135971546,-0.0861912593245506,9.88326454162598,9.88365892743467
1.213168168,-0.0287304203957319,-0.0957680642604828,9.95030212402344,9.95080445584846
1.218173091,0.0191536135971546,-0.0670376494526863,9.92157173156738,9.92181669514182
1.223177937,-0.0191536135971546,-0.105344876646996,9.89284133911133,9.89342075142767
1.22818286,-0.0191536135971546,-0.0383072271943092,9.88326454162598,9.88335733970651
1.233157244,-0.00957680679857731,-0.114921681582928,9.92157173156738,9.92224190053656
1.238162091,-0.0191536135971546,-0.0670376494526863,9.85453414916992,9.85478077912006
1.243167014,-0.0478840321302414,-0.0287304203957319,9.94072532653809,9.94088217087724
1.24817186,-0.00957680679857731,-0.0383072271943092,9.85453414916992,9.8546132575581
1.253176783,-0.00957680679857731,-0.0574608407914639,10.0364933013916,10.0366623561985
1.258181629,-0.0766144543886185,-0.0574608407914639,9.90241813659668,9.90288122087934
1.263156014,-0.114921681582928,-0.0383072271943092,9.97903251647949,9.97976775288424
1.268160937,-0.0574608407914639,-0.0670376494526863,9.89284133911133,9.89323534317761
1.273165783,-0.0670376494526863,-0.0574608407914639,9.88326454162598,9.88365892746355
1.278170706,-0.0478840321302414,-0.0957680642604828,9.93114852905273,9.9317257064808
1.283175552,-0.00957680679857731,-0.0478840321302414,9.85453414916992,9.85465513820335
1.288180475,-0.0191536135971546,-0.0383072271943092,9.89284133911133,9.89293404735921
1.29315486,0,-0.0766144543886185,9.91199493408203,9.91229102417242
1.298159706,-0.00957680679857731,-0.0861912593245506,9.87368774414063,9.8740685797297
1.303164629,-0.0574608407914639,-0.0383072271943092,9.91199493408203,9.91223550795418
1.308169475,-0.0383072271943092,-0.0861912593245506,9.87368774414063,9.87413824319024
1.313174399,-0.0191536135971546,-0.0670376494526863,9.95030212402344,9.95054638031014
1.318179245,0.0191536135971546,-0.0766144543886185,9.86411094665527,9.86442706919462
1.323153629,0,-0.0383072271943092,9.95030212402344,9.9503758623984
1.328158552,0.0287304203957319,-0.0670376494526863,9.94072532653809,9.94099288306636
1.333163399,0,-0.00957680679857731,9.91199493408203,9.91199956055771
1.338168322,-0.0287304203957319,-0.0383072271943092,9.9981861114502,9.99830077562718
1.343173168,-0.0287304203957319,-0.00957680679857731,9.96945571899414,9.96950171700018
1.348178091,-0.0287304203957319,-0.0478840321302414,9.90241813659668,9.90257558767354
1.353182937,-0.0478840321302414,0,9.91199493408203,9.91211059531727
1.358157322,0.0191536135971546,-0.0861912593245506,9.88326454162598,9.88365892743467
1.363162245,-0.0574608407914639,-0.105344876646996,9.88326454162598,9.88399298315319
1.368167091,-0.0383072271943092,-0.0861912593245506,9.93114852905273,9.93159642167087
1.373172014,-0.0287304203957319,-0.12449848651886,9.91199493408203,9.9128184127154
1.37817686,-0.00957680679857731,-0.0478840321302414,9.86411094665527,9.86423181822517
1.383181783,0,0,9.97903251647949,9.97903251647949
1.388156168,0.0383072271943092,-0.114921681582928,9.90241813659668,9.90315906105481
1.393161014,-0.0287304203957319,-0.0861912593245506,9.93114852905273,9.93156410019823
1.398165937,0,-0.0766144543886185,9.88326454162598,9.88356149241672
1.403170783,-0.0478840321302414,-0.105344876646996,9.85453414916992,9.85521352994064
1.408175706,-0.0191536135971546,-0.0574608407914639,9.92157173156738,9.92175661028708
1.413180553,0.00957680679857731,-0.0383072271943092,9.90241813659668,9.90249686245255
1.418154937,-0.0574608407914639,-0.0191536135971546,9.86411094665527,9.8642969023171
1.42315986,-0.0287304203957319,-0.114921681582928,9.93114852905273,9.93185498968145
1.428164706,-0.00957680679857731,-0.105344876646996,9.85453414916992,9.8551018541373
1.43316963,-0.00957680679857731,-0.0861912593245506,9.95987892150879,9.96025646153388
1.438174476,-0.0670376494526863,-0.0957680642604828,9.96945571899414,9.97014106728492
1.443179399,-0.00957680679857731,-0.0861912593245506,9.90241813659668,9.9027978672904
1.448153707,-0.0383072271943092,-0.12449848651886,9.91199493408203,9.91285079530952
1.45315863,0.0287304203957319,-0.105344876646996,9.91199493408203,9.9125963578348
1.458163553,-0.0670376494526863,-0.0383072271943092,9.91199493408203,9.9122956505225
1.463168399,-0.0478840321302414,-0.105344876646996,9.93114852905273,9.93182266906106
1.468173322,-0.0383072271943092,-0.0957680642604828,9.87368774414063,9.87422648284818
1.473178168,-0.0383072271943092,-0.0574608407914639,9.82580375671387,9.8260464408292
1.478183091,0.00957680679857731,-0.0478840321302414,9.93114852905273,9.93126858472108
1.483157399,-0.0191536135971546,-0.0957680642604828,9.96945571899414,9.96993408784787
1.488162322,-0.0287304203957319,-0.0478840321302414,9.93114852905273,9.93130552463751
1.493167245,-0.0478840321302414,-0.0191536135971546,9.93114852905273,9.93128243720584
1.498172091,-0.0574608407914639,-0.0766144543886185,9.92157173156738,9.92203392190748
1.503177014,-0.00957680679857731,-0.0574608407914639,9.85453414916992,9.85470632543705
1.508181861,-0.0191536135971546,-0.0383072271943092,9.94072532653809,9.94081758821903
1.513156245,-0.00957680679857731,-0.0574608407914639,9.98860931396484,9.98877917918292
1.518161091,0.00957680679857731,-0.0766144543886185,9.86411094665527,9.86441312282561
1.523166014,0.0287304203957319,-0.00957680679857731,9.93114852905273,9.931194704485
1.528170937,-0.0191536135971546,-0.0478840321302414,9.89284133911133,9.89297576577831
1.533175784,0.00957680679857731,-0.0287304203957319,9.92157173156738,9.92161795157028
1.538180707,-0.105344876646996,-0.0861912593245506,9.89284133911133,9.89377765249703
1.543155014,-0.0478840321302414,-0.0383072271943092,9.92157173156738,9.92176123220194
1.548159938,-0.0478840321302414,-0.0478840321302414,9.89284133911133,9.89307310808407
1.553164784,-0.00957680679857731,-0.0670376494526863,9.87368774414063,9.87391996273341
1.558169707,0.0574608407914639,-0.0861912593245506,9.91199493408203,9.91253621706757
1.56317463,-0.0478840321302414,-0.0287304203957319,9.90241813659668,9.90257558767354
1.568179476,-0.0191536135971546,-0.0766144543886185,9.97903251647949,9.9793449985703
1.573153861,-0.0383072271943092,-0.0861912593245506,9.89284133911133,9.89329096598646
1.578158707,0.00957680679857731,-0.00957680679857731,9.9981861114502,9.99819528463275
1.58316363,0,-0.0766144543886185,9.91199493408203,9.91229102417242
1.588168476,-0.0670376494526863,-0.0478840321302414,9.87368774414063,9.87403142570298
1.593173399,-0.0478840321302414,0,9.88326454162598,9.88338053908147
1.598178322,-0.0670376494526863,-0.0957680642604828,9.94072532653809,9.94141265546562
1.603183168,0.00957680679857731,-0.0670376494526863,9.90241813659668,9.90264968145756
1.608157553,-0.0383072271943092,-0.0574608407914639,9.87368774414063,9.87392925135037
1.613162399,0.0191536135971546,-0.0574608407914639,9.97903251647949,9.9792163306591
1.618167322,-0.0861912593245506,-0.00957680679857731,9.85453414916992,9.85491572493487
1.623172168,-0.0383072271943092,-0.0287304203957319,9.88326454162598,9.8833805390905
1.628177092,-0.0191536135971546,-0.0670376494526863,9.98860931396484,9.9888526335302
1.633182015,0.00957680679857731,-0.0861912593245506,9.85453414916992,9.85491572493487
1.638156322,0.0383072271943092,-0.0574608407914639,9.84495735168457,9.8451995636639
1.643161245,-0.0670376494526863,-0.0574608407914639,9.94072532653809,9.9411174327811
1.648166092,-0.00957680679857731,-0.0670376494526863,9.92157173156738,9.92180282944131
1.653171015,0.0191536135971546,-0.0766144543886185,9.95030212402344,9.95061550834321
1.658175861,0,-0.0861912593245506,9.95030212402344,9.95067541891149
1.663180784,-0.00957680679857731,-0.0383072271943092,9.94072532653809,9.94080374902148
1.668155169,-0.0670376494526863,-0.0957680642604828,9.87368774414063,9.87437973937448
1.673160015,0.00957680679857731,-0.0383072271943092,9.94072532653809,9.94080374902148
1.678164938,0.0191536135971546,0,9.89284133911133,9.89285988083041
1.683169784,-0.0287304203957319,-0.0383072271943092,9.89284133911133,9.89295722428544
1.688174707,-0.0287304203957319,-0.0478840321302414,9.94072532653809,9.94088217087724
1.693179553,0.00957680679857731,-0.114921681582928,9.90241813659668,9.90308960174173
1.698153938,0,-0.0287304203957319,9.89284133911133,9.89288305793039
1.703158861,-0.0191536135971546,-0.0670376494526863,9.90241813659668,9.90266357397629
1.708163707,-0.0383072271943092,-0.0861912593245506,9.86411094665527,9.8645618830622
1.71316863,-0.0287304203957319,-0.0766144543886185,9.88326454162598,9.88360325040613
1.718173476,-0.0383072271943092,-0.0287304203957319,9.92157173156738,9.9216872811709
1.7231784,0.0191536135971546,-0.114921681582928,9.97903251647949,9.97971261203281
1.728183246,-0.0670376494526863,-0.0957680642604828,9.90241813659668,9.90310812424944
1.73315763,-0.0478840321302414,-0.0574608407914639,9.93114852905273,9.93143019584107
1.738162553,-0.0957680642604828,-0.0383072271943092,9.85453414916992,9.85507393493035
1.7431674,0.00957680679857731,-0.0574608407914639,9.97903251647949,9.97920254471308
1.748172323,0.00957680679857731,-0.0574608407914639,9.92157173156738,9.9217427445026
1.753177169,-0.00957680679857731,-0.0670376494526863,10.0173397064209,10.017568594999
1.758182092,-0.0191536135971546,-0.0478840321302414,9.93114852905273,9.93128243720584
1.763156477,-0.0478840321302414,-0.0957680642604828,9.98860931396484,9.98918317129536
1.768161323,-0.0766144543886185,-0.0861912593245506,9.90241813659668,9.90308960172552
1.773166246,-0.0670376494526863,-0.105344876646996,9.91199493408203,9.91278140396265
1.778171092,-0.0383072271943092,-0.00957680679857731,9.89284133911133,9.89292014117742
1.783176015,-0.0191536135971546,-0.00957680679857731,9.95030212402344,9.95032516732431
1.788180861,-0.0191536135971546,-0.0478840321302414,10.0077629089355,10.0078957919691
1.793155246,-0.0383072271943092,-0.00957680679857731,9.92157173156738,9.92165030544419
1.798160169,0.0574608407914639,-0.0766144543886185,9.87368774414063,9.87415217583963
1.803165015,-0.0670376494526863,-0.0957680642604828,9.87368774414063,9.87437973937448
1.808169938,-0.0191536135971546,-0.105344876646996,9.92157173156738,9.92214946614828
1.813174784,-0.0287304203957319,-0.0766144543886185,9.88326454162598,9.88360325040613
1.818179707,0.0287304203957319,-0.0287304203957319,9.97903251647949,9.97911523327931
1.823154092,-0.0287304203957319,-0.0670376494526863,9.92157173156738,9.92183980459961
1.828158938,-0.0191536135971546,-0.0861912593245506,9.95030212402344,9.95069385286489
1.833163861,-0.0478840321302414,-0.0957680642604828,9.92157173156738,9.92214946608356
1.838168707,-0.0478840321302414,-0.0478840321302414,9.91199493408203,9.91222625520291
1.843173631,-0.0670376494526863,-0.0478840321302414,9.87368774414063,9.87403142570298
1.848178477,-0.00957680679857731,-0.0861912593245506,9.97903251647949,9.97940933188771
1.8531834,-0.0383072271943092,-0.0478840321302414,9.95030212402344,9.95049107750636
1.858157784,-0.0670376494526863,-0.0957680642604828,9.83538055419922,9.83607524445073
1.863162631,0.0574608407914639,-0.00957680679857731,9.92157173156738,9.9217427445026
1.868167554,0.0383072271943092,0,9.93114852905273,9.9312224096413
1.8731724,-0.0383072271943092,-0.0287304203957319,9.94072532653809,9.94084065350548
1.878177323,-0.0191536135971546,-0.0383072271943092,9.95987892150879,9.95997100576524
1.883182169,0.00957680679857731,-0.00957680679857731,9.85453414916992,9.85454345607208
1.888156554,-0.0191536135971546,-0.0287304203957319,9.95030212402344,9.95036203649472
1.893161477,-0.0670376494526863,-0.105344876646996,9.93114852905273,9.93193348223729
1.898166323,-0.0574608407914639,-0.0670376494526863,9.95030212402344,9.95069385289357
1.903171246,-0.00957680679857731,-0.0670376494526863,9.89284133911133,9.89307310811472
1.908176092,0.00957680679857731,-0.0287304203957319,9.91199493408203,9.91204119874168
1.913181015,-0.00957680679857731,-0.0670376494526863,9.90241813659668,9.90264968145756
1.9181554,-0.0574608407914639,-0.0191536135971546,9.90241813659668,9.90260337290842
1.923160246,-0.0478840321302414,-0.0191536135971546,9.89284133911133,9.89297576577831
1.928165169,-0.0670376494526863,-0.0383072271943092,9.91199493408203,9.9122956505225
1.933170015,0.00957680679857731,-0.0957680642604828,9.87368774414063,9.87415682001017
1.938174938,-0.0191536135971546,-0.0478840321302414,9.85453414916992,9.8546690983819
1.943179785,-0.00957680679857731,-0.0861912593245506,9.91199493408203,9.91237429790059
1.948154169,-0.0191536135971546,-0.0861912593245506,9.86411094665527,9.86450609823027
1.953159092,-0.0478840321302414,-0.0383072271943092,9.93114852905273,9.93133784695167
1.958163939,-0.0670376494526863,-0.12449848651886,9.94072532653809,9.94173093265279
1.963168862,-0.0861912593245506,-0.134075298905373,9.93114852905273,9.93242750917754
1.968173708,-0.00957680679857731,-0.0478840321302414,9.92157173156738,9.92169190311806
1.973178631,-0.0478840321302414,-0.0287304203957319,9.92157173156738,9.92172887868975
1.978183477,-0.0478840321302414,-0.0478840321302414,9.89284133911133,9.89307310808407
1.983157862,-0.0574608407914639,-0.105344876646996,9.88326454162598,9.88399298315319
1.988162785,-0.00957680679857731,-0.0383072271943092,9.97903251647949,9.97911063791953
1.993167631,-0.0478840321302414,-0.0861912593245506,9.85453414916992,9.8550274028474
1.998172554,-0.0287304203957319,-0.0383072271943092,9.96945571899414,9.96957071361132
2.0031774,-0.0478840321302414,-0.0478840321302414,9.93114852905273,9.93137940404919
2.008182323,0.00957680679857731,-0.0478840321302414,9.92157173156738,9.92169190311806
2.013156631,-0.0287304203957319,-0.0766144543886185,9.94072532653809,9.94106207753242
2.018161554,-0.0766144543886185,-0.0670376494526863,9.92157173156738,9.92209400508292
2.023166477,-0.0766144543886185,-0.0478840321302414,9.95030212402344,9.95071228679132
2.028171323,-0.0383072271943092,-0.105344876646996,9.87368774414063,9.87432401005172
2.033176246,-0.0383072271943092,-0.0287304203957319,9.82580375671387,9.82592043251744
2.038181169,0.0191536135971546,-0.0574608407914639,9.95987892150879,9.96006308917034
2.043155477,-0.0861912593245506,0,9.97903251647949,9.97940473666335
2.048160323,-0.0670376494526863,-0.0478840321302414,9.90241813659668,9.90276082105268
2.053165246,-0.0478840321302414,-0.0287304203957319,9.93114852905273,9.93130552463751
2.05817017,-0.0383072271943092,-0.0478840321302414,9.85453414916992,9.85472493889832
2.063175016,-0.0670376494526863,-0.0574608407914639,9.96945571899414,9.96984669529344
2.068179939,-0.0478840321302414,-0.0287304203957319,9.95987892150879,9.96003546422924
2.073154246,0.0191536135971546,0.0574608407914639,9.91199493408203,9.912179991425
2.07815917,-0.0191536135971546,-0.0287304203957319,9.95030212402344,9.95036203649472
2.083164016,-0.0191536135971546,0.0191536135971546,9.90241813659668,9.90245518413623
2.088168939,-0.0478840321302414,-0.0861912593245506,9.94072532653809,9.94121430366496
2.093173785,-0.0861912593245506,-0.0766144543886185,9.85453414916992,9.8552088767799
2.098178708,-0.00957680679857731,-0.0191536135971546,9.91199493408203,9.91201806643885
2.103183631,0.00957680679857731,-0.0383072271943092,9.88326454162598,9.88334342004997
2.108157939,-0.0574608407914639,-0.0766144543886185,9.92157173156738,9.92203392190748
2.113162862,-0.0478840321302414,-0.0383072271943092,9.92157173156738,9.92176123220194
2.118167708,-0.0287304203957319,-0.0766144543886185,9.89284133911133,9.89317972001456
2.123172631,-0.0287304203957319,-0.0574608407914639,9.9981861114502,9.99839250602196
2.128177477,-0.0574608407914639,-0.0574608407914639,9.89284133911133,9.89317508473791
2.1331824,-0.0574608407914639,-0.0670376494526863,9.87368774414063,9.87408251249003
2.138156785,-0.0766144543886185,-0.0287304203957319,9.89284133911133,9.89317972001456
2.143161631,-0.0861912593245506,-0.0861912593245506,9.86411094665527,9.86486404540338
2.148166554,-0.0574608407914639,-0.12449848651886,9.96945571899414,9.97039863567926
2.153171401,0.0287304203957319,-0.0574608407914639,9.89284133911133,9.89304993144736
2.158176324,-0.0670376494526863,-0.0670376494526863,9.92157173156738,9.92202467833684
2.16318117,0.0287304203957319,-0.12449848651886,9.91199493408203,9.9128184127154
2.168155554,0.00957680679857731,-0.0670376494526863,9.95987892150879,9.96010913056617
2.173160477,0.00957680679857731,-0.0574608407914639,9.89284133911133,9.89301284868684
2.178165324,-0.0670376494526863,-0.0766144543886185,10.0077629089355,10.0082806846397
2.183170247,0.0383072271943092,-0.0766144543886185,9.95030212402344,9.95067081043393
2.188175093,-0.0861912593245506,-0.0478840321302414,9.90241813659668,9.90290900522245
2.193180016,-0.0191536135971546,0.0191536135971546,9.94072532653809,9.94076223131322
2.198154401,0,-0.0957680642604828,9.87368774414063,9.8741521758035
2.203159247,0.0574608407914639,-0.0861912593245506,9.95987892150879,9.96041760231585
2.20816417,-0.0191536135971546,-0.0191536135971546,9.91199493408203,9.91203194582703
2.213169093,-0.0191536135971546,-0.0478840321302414,9.94072532653809,9.94085910568712
2.218173939,-0.0287304203957319,-0.0670376494526863,9.97903251647949,9.97929904594783
2.223178785,-0.0287304203957319,-0.0287304203957319,9.95987892150879,9.95996179737791
2.228183708,0.0287304203957319,-0.00957680679857731,9.83538055419922,9.83542717924365
2.233158093,-0.0287304203957319,-0.0670376494526863,9.86411094665527,9.86438058123391
2.238162939,-0.0191536135971546,-0.0287304203957319,9.94072532653809,9.94078529672811
2.243167862,0.0191536135971546,-0.00957680679857731,9.89284133911133,9.89286451625475
2.248172708,-0.0383072271943092,0,9.88326454162598,9.88333878016011
2.253177632,-0.0383072271943092,-0.0766144543886185,9.93114852905273,9.9315179264996
2.258182478,0,-0.0574608407914639,9.97903251647949,9.9791979493935
2.263156862,-0.0287304203957319,-0.0766144543886185,9.89284133911133,9.89317972001456
2.268161785,-0.0383072271943092,-0.0670376494526863,9.90241813659668,9.90271914385631
2.273166632,-0.00957680679857731,-0.0861912593245506,9.93114852905273,9.93152716124357
2.278171555,-0.0574608407914639,-0.0574608407914639,9.82580375671387,9.82613977927758
2.283176401,-0.0383072271943092,-0.0957680642604828,9.95030212402344,9.95083671482619
2.288181324,0.0383072271943092,-0.0670376494526863,9.88326454162598,9.88356613221467
2.293155709,0.0191536135971546,-0.134075298905373,9.93114852905273,9.93207199695998
2.298160555,-0.0383072271943092,-0.0670376494526863,9.93114852905273,9.93144866553746
2.303165478,-0.0383072271943092,-0.0861912593245506,9.87368774414063,9.87413824319024
2.308170324,-0.0766144543886185,-0.0574608407914639,9.85453414916992,9.85499948351099
2.313175247,-0.0191536135971546,-0.0574608407914639,9.93114852905273,9.93133322949364
2.318180093,-0.0191536135971546,-0.0574608407914639,9.92157173156738,9.92175661028708
2.323154478,-0.0574608407914639,-0.0287304203957319,9.84495735168457,9.84516695855223
2.328159401,0.00957680679857731,-0.0670376494526863,9.95987892150879,9.96010913056617
2.333164247,-0.0574608407914639,-0.134075298905373,9.86411094665527,9.86518944075203
2.33816917,0.0191536135971546,-0.0574608407914639,9.93114852905273,9.93133322949364
2.343174016,-0.0574608407914639,-0.0478840321302414,9.89284133911133,9.89312409654238
2.348178939,-0.0957680642604828,-0.114921681582928,9.83538055419922,9.83651814215529
2.353153324,0,-0.0574608407914639,9.88326454162598,9.88343157754359
2.358158247,-0.0191536135971546,-0.12449848651886,9.94072532653809,9.94152336172556
2.363163093,-0.0574608407914639,-0.0670376494526863,9.90241813659668,9.90281175963006
2.36816794,-0.00957680679857731,-0.0574608407914639,9.97903251647949,9.97920254471308
2.373172863,-0.0191536135971546,-0.0383072271943092,9.87368774414063,9.87378063222806
2.378177709,-0.0957680642604828,-0.0957680642604828,9.88326454162598,9.88419248315338
2.383182632,0,0.00957680679857731,9.95030212402344,9.95030673268788
2.388157016,-0.00957680679857731,-0.105344876646996,9.94072532653809,9.94128810949265
2.393161863,-0.0191536135971546,-0.0191536135971546,9.88326454162598,9.88330166096275
2.398166786,-0.0191536135971546,-0.0383072271943092,9.89284133911133,9.89293404735921
2.403171632,-0.0383072271943092,-0.0670376494526863,9.84495735168457,9.84526011574034
2.408176555,-0.0478840321302414,-0.114921681582928,9.95030212402344,9.95108095800533
2.413181401,-0.0287304203957319,-0.0670376494526863,9.94072532653809,9.94099288306636
2.418155786,0.0287304203957319,-0.0191536135971546,9.91199493408203,9.91205507809747
2.423160709,-0.0191536135971546,-0.114921681582928,9.95987892150879,9.96056032484753
2.428165555,-0.00957680679857731,-0.0861912593245506,9.90241813659668,9.9027978672904
2.433170478,0,-0.0191536135971546,9.86411094665527,9.86412954237921
2.438175324,-0.0383072271943092,-0.0383072271943092,9.88326454162598,9.8834130181366
2.443180247,-0.0670376494526863,-0.0383072271943092,9.93114852905273,9.93144866553746
2.448154632,-0.0861912593245506,-0.0478840321302414,9.91199493408203,9.91248532846253
2.453159478,-0.00957680679857731,-0.0766144543886185,9.91199493408203,9.9122956505099
2.458164401,-0.0287304203957319,-0.0478840321302414,9.94072532653809,9.94088217087724
2.463169247,0.0191536135971546,-0.0766144543886185,9.85453414916992,9.85485057891246
2.468174171,-0.00957680679857731,-0.0574608407914639,9.84495735168457,9.84512969543525
2.473179017,-0.00957680679857731,-0.0287304203957319,9.93114852905273,9.931194704485
2.478153401,-0.0574608407914639,-0.0383072271943092,9.88326454162598,9.88350581482305
2.483158324,-0.0383072271943092,0,9.93114852905273,9.9312224096413
2.488163171,-0.0766144543886185,-0.00957680679857731,9.90241813659668,9.9027191438437
2.493168094,-0.0383072271943092,-0.0574608407914639,9.95030212402344,9.95054177174415
2.49817294,-0.0670376494526863,-0.0957680642604828,9.92157173156738,9.92226038729146
2.503177863,-0.0287304203957319,-0.0383072271943092,9.83538055419922,9.83549711639587
2.508182709,-0.00957680679857731,-0.0383072271943092,9.95030212402344,9.95038047102869
2.513157094,-0.0670376494526863,-0.105344876646996,9.85453414916992,9.85532520450929
2.518162017,-0.105344876646996,-0.0670376494526863,9.95987892150879,9.96066161058566
2.523166863,-0.0861912593245506,-0.0766144543886185,9.91199493408203,9.91266575049684
2.528171786,-0.0574608407914639,-0.0383072271943092,9.91199493408203,9.91223550795418
2.533176632,-0.0287304203957319,-0.0478840321302414,9.96945571899414,9.96961211133985
2.538181555,0.0191536135971546,-0.0191536135971546,9.90241813659668,9.90245518413623
2.54315594,0.00957680679857731,-0.00957680679857731,9.87368774414063,9.87369703298869
2.548160786,-0.0478840321302414,-0.0574608407914639,9.83538055419922,9.83566496352319
2.553165709,0.00957680679857731,-0.0574608407914639,9.96945571899414,9.96962591055642
2.558170555,-0.0191536135971546,-0.0287304203957319,9.89284133911133,9.89290159957128
2.563175478,-0.0383072271943092,-0.00957680679857731,9.92157173156738,9.92165030544419
2.568180325,-0.0574608407914639,-0.0957680642604828,9.88326454162598,9.88389555135615
2.573154709,-0.0766144543886185,0,9.92157173156738,9.92186753586532
2.578159632,-0.0574608407914639,-0.0383072271943092,9.88326454162598,9.88350581482305
2.583164478,-0.0478840321302414,-0.0957680642604828,9.90241813659668,9.90299698852141
2.588169402,-0.0766144543886185,-0.0383072271943092,9.93114852905273,9.9315179264996
2.593174248,0.0191536135971546,-0.0574608407914639,9.94072532653809,9.9409098490437
2.598179171,-0.0478840321302414,-0.0574608407914639,9.88326454162598,9.88354757303868
2.603153555,-0.00957680679857731,-0.0957680642604828,9.90241813659668,9.90288585157678
2.608158402,-0.0191536135971546,-0.12449848651886,9.92157173156738,9.92237130723782
2.613163325,-0.0670376494526863,-0.0670376494526863,9.95030212402344,9.95075376301884
2.618168171,-0.0383072271943092,-0.0383072271943092,9.92157173156738,9.92171963481874
2.623173094,0,-0.0191536135971546,9.90241813659668,9.90243666038378
2.62817794,-0.0670376494526863,-0.0478840321302414,9.84495735168457,9.84530203617265
2.633182863,-0.0670376494526863,-0.153228908777237,9.89284133911133,9.89425504551804
2.638157248,-0.0574608407914639,-0.0383072271943092,9.92157173156738,9.92181207323122
2.643162094,-0.0191536135971546,-0.114921681582928,9.87368774414063,9.87437509529613
2.648167017,-0.0191536135971546,-0.00957680679857731,9.88326454162598,9.8832877412278
2.653171863,-0.0957680642604828,-0.0574608407914639,9.91199493408203,9.91262411491652
2.658176786,-0.0574608407914639,-0.0478840321302414,9.94072532653809,9.94100672197908
2.663181633,-0.0191536135971546,-0.0861912593245506,9.87368774414063,9.87408251246112
2.668156017,-0.0670376494526863,-0.00957680679857731,9.90241813659668,9.90264968145756
2.67316094,-0.0191536135971546,-0.0574608407914639,9.89284133911133,9.89302675473832
2.678165863,-0.0383072271943092,-0.0478840321302414,9.95987892150879,9.96006769330929
2.683170709,-0.00957680679857731,-0.0766144543886185,9.91199493408203,9.9122956505099
2.688175556,-0.0478840321302414,-0.0766144543886185,9.88326454162598,9.88367748638712
2.693180479,0,-0.0574608407914639,9.82580375671387,9.82597176943211
2.698154863,-0.0574608407914639,-0.0574608407914639,9.92157173156738,9.92190451078249
2.70315971,0.0287304203957319,-0.0383072271943092,9.90241813659668,9.90253390969757
2.708164633,-0.0383072271943092,-0.0766144543886185,9.89284133911133,9.89321216689032
2.713169479,-0.0383072271943092,-0.0287304203957319,9.90241813659668,9.90253390969757
2.718174402,0.00957680679857731,-0.105344876646996,9.95030212402344,9.95086436535086
2.723179248,-0.0383072271943092,-0.0766144543886185,9.88326454162598,9.88363572872037
2.728153633,0,-0.0287304203957319,9.96945571899414,9.96949711720913
2.733158556,0,0.0191536135971546,9.90241813659668,9.90243666038378
2.738163402,-0.0574608407914639,-0.0478840321302414,9.95030212402344,9.95058324863939
2.743168325,-0.0383072271943092,-0.0191536135971546,9.89284133911133,9.89293404735921
2.748173171,-0.0383072271943092,-0.0574608407914639,9.91199493408203,9.91223550795418
2.753178094,-0.0478840321302414,-0.0670376494526863,9.88326454162598,9.88360789017546
2.75818294,-0.0478840321302414,-0.114921681582928,9.86411094665527,9.86489658543643
2.763157325,-0.0191536135971546,-0.0383072271943092,9.89284133911133,9.89293404735921
2.768162248,-0.0861912593245506,-0.0574608407914639,9.93114852905273,9.93168876815593
2.773167094,0.00957680679857731,-0.0670376494526863,9.83538055419922,9.83561367722384
2.778172017,-0.00957680679857731,-0.0861912593245506,9.90241813659668,9.9027978672904
2.783176864,-0.0574608407914639,-0.0861912593245506,9.85453414916992,9.85507858814756
2.788181787,-0.0861912593245506,-0.0670376494526863,9.96945571899414,9.97005367651614
2.793156171,-0.0383072271943092,-0.0670376494526863,9.87368774414063,9.87398962724249
2.798161017,-0.0287304203957319,-0.0287304203957319,9.86411094665527,9.86419462713691
2.803165941,-0.0670376494526863,-0.0861912593245506,9.89284133911133,9.89344392719027
2.808170787,-0.0574608407914639,-0.0287304203957319,9.93114852905273,9.93135631680723
2.81317571,-0.0861912593245506,-0.0957680642604828,9.90241813659668,9.90325630322244
2.818180556,0.0191536135971546,-0.105344876646996,9.95987892150879,9.96045443416437
2.823154941,-0.0287304203957319,-0.0670376494526863,9.93114852905273,9.93141634358396
2.828159864,-0.0191536135971546,-0.0478840321302414,9.96945571899414,9.96958911261802
2.83316471,-0.0191536135971546,-0.0670376494526863,9.92157173156738,9.92181669514182
2.838169633,-0.0574608407914639,-0.0191536135971546,9.84495735168457,9.84514366912065
2.843174479,-0.0861912593245506,-0.0861912593245506,9.89284133911133,9.89359225090654
2.848179402,-0.0191536135971546,-0.105344876646996,9.92157173156738,9.92214946614828
2.853153787,-0.0574608407914639,-0.0861912593245506,9.92157173156738,9.92211249210799
2.858158633,0.00957680679857731,-0.0670376494526863,9.95987892150879,9.96010913056617
2.863163556,-0.00957680679857731,-0.0766144543886185,9.91199493408203,9.9122956505099
2.868168402,-0.00957680679857731,-0.114921681582928,9.89284133911133,9.89351345422628
2.873173325,0.0478840321302414,-0.0287304203957319,9.86411094665527,9.86426900918226
2.878178171,-0.0861912593245506,-0.0478840321302414,9.96945571899414,9.96994328703539
2.883183095,-0.0478840321302414,-0.0861912593245506,9.86411094665527,9.86460372147008
2.888157479,-0.0478840321302414,-0.0957680642604828,9.96945571899414,9.97003067877177
2.893162325,-0.00957680679857731,-0.0957680642604828,9.86411094665527,9.86458047791618
2.898167248,0.00957680679857731,-0.0574608407914639,9.88326454162598,9.88343621738989
2.903172095,-0.0287304203957319,0.00957680679857731,9.91199493408203,9.91204119874168
2.908177018,0,-0.0861912593245506,9.96945571899414,9.96982829672452
2.913181864,0.0287304203957319,-0.0766144543886185,9.96945571899414,9.96979149955817
2.918156249,-0.0670376494526863,-0.0670376494526863,9.92157173156738,9.92202467833684
2.923161172,-0.0478840321302414,-0.105344876646996,9.92157173156738,9.92224652224514
2.928166018,-0.0670376494526863,-0.105344876646996,9.94072532653809,9.94150952356611
2.933170941,-0.0191536135971546,-0.0287304203957319,9.89284133911133,9.89290159957128
2.938175787,0,-0.0478840321302414,9.89284133911133,9.89295722427642
2.94318071,-0.0861912593245506,-0.134075298905373,9.85453414916992,9.85582307146981
2.948155095,-0.00957680679857731,-0.0670376494526863,9.88326454162598,9.88349653520625
2.953159941,-0.0383072271943092,-0.105344876646996,9.88326454162598,9.8839001910406
2.958164864,-0.0191536135971546,-0.0670376494526863,9.90241813659668,9.90266357397629
2.96316971,-0.0478840321302414,-0.0191536135971546,9.91199493408203,9.91212910099111
2.968174633,-0.0287304203957319,-0.0766144543886185,9.89284133911133,9.89317972001456
2.973179479,-0.0383072271943092,-0.0383072271943092,9.91199493408203,9.91214298023281
2.978153864,0.0574608407914639,-0.0574608407914639,9.83538055419922,9.83571624958595
2.983158787,0.0383072271943092,0,9.91199493408203,9.91206895743382
2.988163633,-0.0478840321302414,-0.0383072271943092,9.95987892150879,9.96006769330929
2.993168556,-0.0766144543886185,-0.0574608407914639,9.98860931396484,9.98906840250235
2.998173403,-0.0574608407914639,-0.0383072271943092,9.95987892150879,9.96011833880476
3.003178326,-0.00957680679857731,-0.105344876646996,9.92157173156738,9.9221356009128
3.008183172,0.0287304203957319,-0.0383072271943092,9.90241813659668,9.90253390969757
3.013157556,-0.00957680679857731,-0.0191536135971546,9.96945571899414,9.96947871802369
3.01816248,-0.0766144543886185,-0.0478840321302414,9.90241813659668,9.90283028265926
3.023167326,-0.0574608407914639,-0.0670376494526863,9.92157173156738,9.92196459474159
3.028172249,-0.0191536135971546,-0.0957680642604828,9.87368774414063,9.87417075261709
3.033177095,-0.0957680642604828,-0.0383072271943092,9.97903251647949,9.97956556823705
3.038182018,0,-0.0478840321302414,9.88326454162598,9.88338053908147
3.043156403,-0.0478840321302414,-0.0766144543886185,9.89284133911133,9.89325388413662
3.048161249,-0.0287304203957319,-0.0670376494526863,9.90241813659668,9.90268672813086
3.053166172,-0.0191536135971546,-0.0191536135971546,9.82580375671387,9.82584109312175
3.058171018,0.00957680679857731,-0.0383072271943092,9.92157173156738,9.92165030544419
3.063175941,-0.0478840321302414,-0.0766144543886185,9.90241813659668,9.90283028265926
3.068180787,-0.0383072271943092,-0.0766144543886185,9.90241813659668,9.90278860575522
3.073155172,-0.0191536135971546,-0.0191536135971546,9.95030212402344,9.95033899327922
3.078160095,-0.00957680679857731,-0.0574608407914639,9.94072532653809,9.94089600997459
3.083164941,-0.0383072271943092,0,9.91199493408203,9.91206895743382
3.088169864,-0.00957680679857731,-0.0574608407914639,9.85453414916992,9.85470632543705
3.09317471,-0.0478840321302414,-0.0574608407914639,9.95987892150879,9.9601597758205
3.098179634,-0.0574608407914639,-0.0383072271943092,9.85453414916992,9.85477612576947
3.103154018,-0.00957680679857731,-0.0383072271943092,9.85453414916992,9.8546132575581
3.108158864,-0.00957680679857731,-0.0574608407914639,9.89284133911133,9.89301284868684
3.113163787,0.0287304203957319,-0.0861912593245506,9.87368774414063,9.87410573363648
3.118168634,0.0287304203957319,-0.00957680679857731,9.92157173156738,9.92161795157028
3.123173557,-0.0287304203957319,0.0287304203957319,9.85453414916992,9.85461791097293
3.128178403,-0.0670376494526863,-0.0191536135971546,9.95987892150879,9.96012294293966
3.133183326,-0.0574608407914639,-0.0957680642604828,9.93114852905273,9.93177649650167
3.138157711,-0.0670376494526863,-0.105344876646996,9.94072532653809,9.94150952356611
3.143162557,-0.0766144543886185,-0.0574608407914639,9.90241813659668,9.90288122087934
3.14816748,-0.0383072271943092,-0.0574608407914639,9.91199493408203,9.91223550795418
3.153172326,-0.0383072271943092,-0.0861912593245506,9.85453414916992,9.85498552378416
3.158177249,-0.0478840321302414,-0.0861912593245506,9.88326454162598,9.88375636149932
3.163182095,-0.0670376494526863,-0.114921681582928,9.97903251647949,9.97991938866728
3.16815648,-0.0191536135971546,-0.0574608407914639,9.91199493408203,9.912179991425
3.173161403,-0.0670376494526863,-0.0191536135971546,9.90241813659668,9.90266357397629
3.178166249,0.0191536135971546,-0.0478840321302414,9.94072532653809,9.94085910568712
3.183171172,0.0191536135971546,-0.0766144543886185,9.89284133911133,9.89315654360958
3.188176018,0.0287304203957319,-0.0383072271943092,9.92157173156738,9.9216872811709
3.193180941,-0.0861912593245506,-0.0574608407914639,9.95030212402344,9.95084132326276
3.198155326,-0.0191536135971546,-0.0383072271943092,9.89284133911133,9.89293404735921
3.203160172,-0.0383072271943092,-0.0574608407914639,9.91199493408203,9.91223550795418
3.208165095,-0.0766144543886185,-0.0383072271943092,9.80665016174316,9.80702424862373
3.213169942,-0.0957680642604828,0,9.86411094665527,9.864575829201
3.218174865,-0.0287304203957319,-0.0861912593245506,9.90241813659668,9.90283491340934
3.223179711,-0.0478840321302414,-0.0478840321302414,9.88326454162598,9.88349653517557
3.228154095,-0.0191536135971546,-0.105344876646996,9.98860931396484,9.98918317135965
3.233159018,-0.00957680679857731,-0.0957680642604828,9.94072532653809,9.94119123923468
3.238163865,0.0383072271943092,-0.0383072271943092,9.92157173156738,9.92171963481874
3.243168788,0.0287304203957319,-0.0191536135971546,9.87368774414063,9.87374812149686
3.248173634,-0.0670376494526863,-0.0287304203957319,9.91199493408203,9.91226326611476
3.253178557,0.0191536135971546,-0.0574608407914639,9.84495735168457,9.84514366912065
3.258183403,0.00957680679857731,-0.0574608407914639,9.86411094665527,9.86428295576406
3.263157788,-0.00957680679857731,-0.105344876646996,9.94072532653809,9.94128810949265
3.268162711,-0.0287304203957319,-0.0670376494526863,9.91199493408203,9.91226326611476
3.273167557,-0.0287304203957319,-0.0478840321302414,9.95030212402344,9.95045881740809
3.27817248,-0.0478840321302414,-0.114921681582928,9.89284133911133,9.89362469645281
3.283177326,0,-0.0574608407914639,9.95030212402344,9.95046803459866
3.288182249,0.0478840321302414,-0.0861912593245506,9.92157173156738,9.92206165261807
3.293156634,-0.0478840321302414,-0.0861912593245506,9.91199493408203,9.91248532846253
3.29816148,-0.0191536135971546,-0.0287304203957319,9.88326454162598,9.88332486047743
3.303166403,0.0191536135971546,-0.0861912593245506,9.93114852905273,9.93154101336767
3.308171249,-0.0478840321302414,-0.0670376494526863,9.91199493408203,9.9123372874537
3.313176173,-0.0383072271943092,-0.0861912593245506,9.92157173156738,9.92202005649436
3.318181096,0.0478840321302414,-0.0574608407914639,9.92157173156738,9.92185367022688
3.323155403,0,-0.0478840321302414,9.83538055419922,9.83549711638681
3.328160326,-0.0287304203957319,0.00957680679857731,9.90241813659668,9.90246444599946
3.333165173,-0.0670376494526863,-0.0574608407914639,9.93114852905273,9.93154101339641
3.338170096,-0.0957680642604828,-0.0478840321302414,9.94072532653809,9.94130194795133
3.343174942,0.0191536135971546,-0.0478840321302414,9.90241813659668,9.9025524332591
3.348179865,0.00957680679857731,-0.105344876646996,9.87368774414063,9.87425434790177
3.35315425,-0.00957680679857731,0.0287304203957319,9.98860931396484,9.9886552237681
3.358159096,-0.0957680642604828,-0.0861912593245506,9.85453414916992,9.85537638816866
3.363164019,0,-0.0574608407914639,9.90241813659668,9.90258484943317
3.368168865,-0.0957680642604828,-0.0287304203957319,9.94072532653809,9.94122814228021
3.373173788,-0.00957680679857731,-0.0574608407914639,9.87368774414063,9.87385958641532
3.378178634,-0.00957680679857731,-0.0766144543886185,9.94072532653809,9.94102517387042
3.383183557,-0.0670376494526863,-0.0383072271943092,9.86411094665527,9.86441312283827
3.388157942,-0.0670376494526863,-0.0574608407914639,9.87368774414063,9.87408251249003
3.393162788,-0.0574608407914639,-0.0287304203957319,9.93114852905273,9.93135631680723
3.398167711,-0.0191536135971546,-0.0766144543886185,9.95030212402344,9.95061550834321
3.403172557,0,-0.0287304203957319,9.84495735168457,9.84499927341512
3.40817748,-0.0957680642604828,-0.00957680679857731,9.95987892150879,9.96034393826216
3.413182327,-0.0478840321302414,-0.0191536135971546,9.85453414916992,9.8546690983819
3.418156711,0.0191536135971546,-0.0191536135971546,9.98860931396484,9.98864604182433
3.423161634,-0.0191536135971546,-0.0383072271943092,9.95030212402344,9.95039429690675
3.42816648,-0.0670376494526863,-0.0670376494526863,10.0173397064209,10.0177883231143
3.433171404,-0.0191536135971546,-0.0383072271943092,9.85453414916992,9.85462721779598
3.43817625,-0.00957680679857731,-0.114921681582928,9.86411094665527,9.8647850192516
3.443181173,0,-0.0191536135971546,9.93114852905273,9.9311669992514
3.448155557,-0.0383072271943092,-0.0383072271943092,9.95030212402344,9.95044960022691
3.453160404,-0.0383072271943092,-0.0861912593245506,9.85453414916992,9.85498552378416
3.458165327,-0.00957680679857731,-0.0574608407914639,9.92157173156738,9.9217427445026
3.463170173,-0.0287304203957319,-0.0766144543886185,9.87368774414063,9.87402678143371
3.468175096,-0.0478840321302414,-0.0478840321302414,9.87368774414063,9.8739199627027
3.473179942,0,-0.0861912593245506,9.91199493408203,9.91236967159981
3.478154327,-0.0670376494526863,-0.0287304203957319,9.93114852905273,9.93141634358396
3.48315925,-0.0766144543886185,-0.0191536135971546,9.83538055419922,9.83569760014282
3.488164096,-0.0574608407914639,-0.0766144543886185,9.95987892150879,9.96033933427776
3.493169019,0,-0.0957680642604828,9.88326454162598,9.88372852327974
3.498173865,-0.0383072271943092,-0.105344876646996,9.92157173156738,9.92220492689645
3.503178788,-0.00957680679857731,-0.105344876646996,9.9981861114502,9.99874566020457
3.508183635,0.00957680679857731,-0.114921681582928,9.92157173156738,9.92224190053656
3.513158019,0,-0.0957680642604828,9.87368774414063,9.8741521758035
3.518162942,-0.0478840321302414,-0.0478840321302414,9.95030212402344,9.95053255461291
3.523167788,-0.00957680679857731,-0.00957680679857731,9.92157173156738,9.92158097558519
3.528172711,0,-0.0766144543886185,9.93114852905273,9.9314440481094
3.533177558,-0.0383072271943092,-0.0191536135971546,9.87368774414063,9.87378063222806
3.538182481,-0.0670376494526863,-0.0766144543886185,9.95030212402344,9.95082288961123
3.543156865,-0.0670376494526863,-0.0766144543886185,9.92157173156738,9.92209400508292
3.548161712,-0.0383072271943092,-0.0861912593245506,9.94072532653809,9.94117278768029
3.553166635,-0.0957680642604828,-0.0861912593245506,9.87368774414063,9.87452834945087
3.558171481,-0.0766144543886185,-0.0478840321302414,9.93114852905273,9.9315594828436
3.563176404,-0.0478840321302414,-0.0861912593245506,9.95987892150879,9.96036695834205
3.56818125,-0.0478840321302414,-0.0861912593245506,9.87368774414063,9.87418004102162
3.573155635,0.0287304203957319,0.0478840321302414,9.92157173156738,9.92172887868975
3.578160558,0.0574608407914639,-0.0478840321302414,9.89284133911133,9.89312409654238
3.583165404,-0.0287304203957319,-0.0766144543886185,9.95030212402344,9.95063855091836
3.588170327,-0.0287304203957319,-0.0287304203957319,9.87368774414063,9.87377134345864
3.593175173,-0.0287304203957319,-0.0766144543886185,9.95987892150879,9.96021502492755
3.598180096,0,-0.00957680679857731,9.94072532653809,9.94072993964247
3.603154481,0,-0.0861912593245506,9.89284133911133,9.89321680213337
3.608159327,-0.0191536135971546,-0.0957680642604828,9.91199493408203,9.91247607595165
3.61316425,-0.0191536135971546,-0.0383072271943092,9.87368774414063,9.87378063222806
3.618169096,0.00957680679857731,-0.0861912593245506,9.89284133911133,9.89322143739047
3.623174019,0.00957680679857731,-0.0766144543886185,9.88326454162598,9.88356613220203
3.628178866,0.0191536135971546,-0.0574608407914639,9.95030212402344,9.95048646893626
3.633183789,-0.0574608407914639,-0.0670376494526863,9.90241813659668,9.90281175963006
3.638158173,0.0191536135971546,-0.105344876646996,9.94072532653809,9.94130194801593
3.643163019,-0.0383072271943092,-0.0766144543886185,9.91199493408203,9.91236504531307
3.648167943,-0.0191536135971546,0.0191536135971546,9.91199493408203,9.91203194582703
3.653172789,-0.00957680679857731,-0.0287304203957319,9.85453414916992,9.85458068359282
3.658177712,0.00957680679857731,-0.0383072271943092,9.90241813659668,9.90249686245255
3.663182558,-0.0191536135971546,-0.0670376494526863,9.89284133911133,9.8930870140815
3.668156943,-0.0191536135971546,-0.12449848651886,9.96945571899414,9.97025145455441
3.673161866,0,-0.0766144543886185,9.91199493408203,9.91229102417242
3.678166712,-0.0670376494526863,-0.0766144543886185,10.0077629089355,10.0082806846397
3.683171635,0.00957680679857731,-0.0287304203957319,9.88326454162598,9.88331094077516
3.688176481,-0.0478840321302414,-0.0574608407914639,9.90241813659668,9.902700620576
3.693181404,-0.0383072271943092,0,9.89284133911133,9.89291550577914
3.698155789,-0.0287304203957319,-0.0574608407914639,9.95987892150879,9.96008610988859
3.703160635,-0.0191536135971546,-0.0478840321302414,9.92157173156738,9.92170576897359
3.708165558,-0.0478840321302414,-0.0478840321302414,9.87368774414063,9.8739199627027
3.713170404,-0.0766144543886185,-0.0478840321302414,9.86411094665527,9.86452469321653
3.718175327,-0.0766144543886185,-0.105344876646996,9.89284133911133,9.89369885727714
3.723180174,0.0478840321302414,-0.0191536135971546,9.96945571899414,9.96958911261802
3.728154558,-0.0670376494526863,-0.0957680642604828,9.87368774414063,9.87437973937448
3.733159481,-0.0383072271943092,-0.0766144543886185,9.90241813659668,9.90278860575522
3.738164327,0.0287304203957319,-0.0574608407914639,9.91199493408203,9.91220312334995
3.74316925,-0.00957680679857731,-0.0287304203957319,9.95987892150879,9.95992496374343
3.748174097,-0.0574608407914639,-0.0861912593245506,9.92157173156738,9.92211249210799
3.75317902,-0.0383072271943092,-0.0574608407914639,9.87368774414063,9.87392925135037
3.758153404,0.00957680679857731,-0.105344876646996,9.92157173156738,9.9221356009128
3.763158251,0,-0.0766144543886185,9.88326454162598,9.88356149241672
3.768163174,-0.0383072271943092,-0.0574608407914639,9.90241813659668,9.90265894312627
3.77316802,0,-0.0670376494526863,9.94072532653809,9.940951366148
3.778172943,-0.00957680679857731,-0.0574608407914639,9.87368774414063,9.87385958641532
3.783177789,0.0287304203957319,-0.143652096390724,9.95987892150879,9.96095625394312
3.788182712,-0.00957680679857731,-0.0478840321302414,9.93114852905273,9.93126858472108
3.793157097,-0.0191536135971546,-0.0766144543886185,9.87368774414063,9.87400356007268
3.798161943,-0.0383072271943092,-0.0766144543886185,9.95030212402344,9.95067081043393
3.803166866,0.0191536135971546,-0.0191536135971546,9.95030212402344,9.95033899327922
3.808171712,-0.0191536135971546,-0.0574608407914639,9.95030212402344,9.95048646893626
3.813176635,-0.0670376494526863,-0.0766144543886185,9.93114852905273,9.93167029895635
3.818181481,-0.0383072271943092,-0.114921681582928,10.0364933013916,10.0372243287391
3.823155866,-0.0383072271943092,-0.0478840321302414,10.0077629089355,10.0079507775396
3.828160789,-0.00957680679857731,-0.0478840321302414,9.91199493408203,9.91211522173897
3.833165635,-0.0191536135971546,-0.0670376494526863,9.95030212402344,9.95054638031014
3.838170558,-0.00957680679857731,-0.00957680679857731,9.88326454162598,9.88327382147324
3.843175405,-0.0478840321302414,-0.0191536135971546,9.95987892150879,9.96001244339393
3.848180328,-0.00957680679857731,-0.00957680679857731,9.92157173156738,9.92158097558519
3.853154712,-0.0191536135971546,-0.0670376494526863,9.91199493408203,9.91224013433017
3.858159558,-0.0287304203957319,-0.0861912593245506,9.94072532653809,9.94114049734314
3.863164482,-0.0766144543886185,-0.0670376494526863,9.87368774414063,9.87421255036867
3.868169328,-0.0574608407914639,-0.114921681582928,10.0364933013916,10.037315703414
3.873174251,-0.0670376494526863,-0.0478840321302414,9.92157173156738,9.92191375449385
3.878179097,-0.00957680679857731,-0.0957680642604828,9.85453414916992,9.85500413670724
3.883153482,0,-0.0478840321302414,10.0077629089355,10.0078774633785
3.888158405,0.00957680679857731,-0.0861912593245506,9.95030212402344,9.95068002740304
3.893163251,-0.0383072271943092,-0.0670376494526863,9.89284133911133,9.89314263775316
3.898168174,-0.0670376494526863,-0.0766144543886185,9.90241813659668,9.90294142025814
3.90317302,-0.0670376494526863,-0.0574608407914639,9.84495735168457,9.84535327203431
3.908177943,0.0191536135971546,-0.0191536135971546,9.93114852905273,9.93118546941572
3.913182789,-0.0574608407914639,-0.0766144543886185,9.91199493408203,9.91245757096158
3.918157174,-0.0191536135971546,-0.0287304203957319,9.92157173156738,9.92163181752916
3.923162097,-0.0766144543886185,-0.0670376494526863,9.94072532653809,9.94124659380005
3.928166943,-0.0191536135971546,-0.0287304203957319,9.90241813659668,9.90247833877807
3.933171866,-0.00957680679857731,-0.0383072271943092,9.89284133911133,9.89292014117742
3.938176712,0,-0.0287304203957319,9.95030212402344,9.95034360192659
3.943181636,-0.0670376494526863,-0.0287304203957319,9.93114852905273,9.93141634358396
3.94815602,-0.0191536135971546,-0.0957680642604828,9.89284133911133,9.89332341247753
3.953160866,-0.0670376494526863,-0.0478840321302414,10.0652236938477,10.0655608355506
3.958165789,-0.0287304203957319,-0.0287304203957319,9.93114852905273,9.93123164467623
3.963170636,0.0287304203957319,-0.0383072271943092,9.91199493408203,9.91211059532627
3.968175559,-0.0478840321302414,-0.0861912593245506,9.90241813659668,9.90290900522245
3.973180405,-0.0191536135971546,-0.0766144543886185,9.80665016174316,9.80696813650133
3.978154789,-0.0191536135971546,-0.0766144543886185,9.89284133911133,9.89315654360958
3.983159713,-0.0191536135971546,-0.0574608407914639,9.88326454162598,9.88345013691573
3.988164559,-0.0670376494526863,-0.0670376494526863,9.92157173156738,9.92202467833684
3.993169482,-0.0766144543886185,-0.0478840321302414,9.90241813659668,9.90283028265926
3.998174328,-0.00957680679857731,-0.00957680679857731,9.90241813659668,9.90242739849456
4.003179251,0.0670376494526863,-0.0478840321302414,9.90241813659668,9.90276082105268
4.008153636,-0.0670376494526863,-0.0478840321302414,9.90241813659668,9.90276082105268
4.013158482,-0.0287304203957319,-0.0766144543886185,9.93114852905273,9.93148560477151
4.018163405,-0.0287304203957319,-0.0670376494526863,9.90241813659668,9.90268672813086
4.023168251,-0.0383072271943092,-0.0957680642604828,9.87368774414063,9.87422648284818
4.028173174,-0.0383072271943092,-0.0766144543886185,9.93114852905273,9.9315179264996
4.03317802,-0.0478840321302414,-0.0478840321302414,9.89284133911133,9.89307310808407
4.038182943,-0.0287304203957319,-0.0478840321302414,9.81622695922852,9.81638579277903
4.043157328,0,0,9.96945571899414,9.96945571899414
4.048162174,-0.00957680679857731,-0.0287304203957319,9.83538055419922,9.83542717924365
4.053167097,-0.0861912593245506,-0.0191536135971546,9.93114852905273,9.93154101336767
4.058171944,0,-0.0574608407914639,9.95030212402344,9.95046803459866
4.063176867,-0.0574608407914639,-0.0670376494526863,9.95030212402344,9.95069385289357
4.068181713,-0.0861912593245506,-0.0957680642604828,9.91199493408203,9.91283229095419
4.073156097,-0.0861912593245506,-0.0574608407914639,9.91199493408203,9.91253621706757
4.078161021,-0.0287304203957319,-0.105344876646996,9.95987892150879,9.96047745397815
4.083165867,-0.0478840321302414,-0.0574608407914639,9.90241813659668,9.902700620576
4.08817079,0,-0.0957680642604828,9.95030212402344,9.95076297986629
4.093175636,0.00957680679857731,-0.0287304203957319,9.88326454162598,9.88331094077516
4.098180559,0.00957680679857731,-0.0861912593245506,9.87368774414063,9.8740685797297
4.103154944,-0.0191536135971546,-0.0478840321302414,9.90241813659668,9.9025524332591
4.10815979,-0.0191536135971546,-0.0957680642604828,9.92157173156738,9.92205240903731
4.113164713,-0.0574608407914639,-0.0670376494526863,9.90241813659668,9.90281175963006
4.118169559,-0.0574608407914639,-0.0478840321302414,9.96945571899414,9.9697363035209
4.123174482,-0.0383072271943092,-0.0574608407914639,9.85453414916992,9.85477612576947
4.128179328,-0.00957680679857731,-0.0670376494526863,9.94072532653809,9.94095597914749
4.133153713,-0.0574608407914639,-0.0670376494526863,9.91199493408203,9.91238817681877
4.138158636,-0.0478840321302414,-0.0861912593245506,9.87368774414063,9.87418004102162
4.143163482,-0.0861912593245506,-0.0670376494526863,9.88326454162598,9.88386771357192
4.148168405,-0.0574608407914639,-0.0383072271943092,9.87368774414063,9.87392925135037
4.153173251,-0.0574608407914639,-0.0670376494526863,9.89284133911133,9.89323534317761
4.158178175,-0.0478840321302414,-0.0478840321302414,9.83538055419922,9.83561367719301
4.163183021,0.00957680679857731,0.00957680679857731,9.93114852905273,9.93115776415636
4.168157405,-0.0574608407914639,-0.12449848651886,9.89284133911133,9.89379155744652
4.173162328,-0.0574608407914639,-0.0383072271943092,9.83538055419922,9.83562300201669
4.178167175,-0.00957680679857731,-0.00957680679857731,9.95030212402344,9.95031134135019
4.183172098,-0.0191536135971546,-0.0670376494526863,9.94072532653809,9.94096981813312
4.188176944,-0.0287304203957319,-0.0766144543886185,9.86411094665527,9.86445031309914
4.193181867,-0.0383072271943092,-0.0861912593245506,10.0077629089355,10.0082073728668
4.198156252,0,-0.0766144543886185,9.85453414916992,9.85483196567945
4.203161098,-0.0383072271943092,-0.0766144543886185,9.92157173156738,9.92194148556187
4.208166021,-0.00957680679857731,-0.12449848651886,9.91199493408203,9.91278140390687
4.213170867,0,-0.0670376494526863,9.92157173156738,9.92179820753684
4.21817579,-0.0574608407914639,-0.0574608407914639,9.96945571899414,9.96978689990081
4.223180636,-0.0287304203957319,-0.0191536135971546,9.92157173156738,9.92163181752916
4.228155021,-0.0766144543886185,-0.0957680642604828,9.91199493408203,9.9127536471972
4.233159944,-0.0287304203957319,-0.0861912593245506,9.90241813659668,9.90283491340934
4.23816479,-0.0478840321302414,-0.0861912593245506,9.83538055419922,9.83587476839946
4.243169713,-0.0191536135971546,-0.0957680642604828,9.89284133911133,9.89332341247753
4.248174559,-0.0574608407914639,-0.0383072271943092,9.94072532653809,9.94096520512749
4.253179482,0,0,9.90241813659668,9.90241813659668
4.258153867,-0.00957680679857731,-0.0383072271943092,9.94072532653809,9.94080374902148
4.263158713,-0.0574608407914639,-0.0861912593245506,9.9981861114502,9.99872272845907
4.268163636,-0.0383072271943092,-0.0191536135971546,9.95987892150879,9.95997100576524
4.273168483,-0.0670376494526863,-0.0383072271943092,9.92157173156738,9.92187215775009
4.278173406,0.0191536135971546,-0.0766144543886185,9.93114852905273,9.93146251775847
4.283178252,-0.0383072271943092,-0.0191536135971546,9.86411094665527,9.86420392492438
4.288183175,0,-0.0861912593245506,9.94072532653809,9.94109898104126
4.293157559,-0.0287304203957319,-0.105344876646996,9.87368774414063,9.87429150110957
4.298162406,-0.0670376494526863,-0.105344876646996,9.90241813659668,9.9032053670253
4.303167329,-0.0287304203957319,-0.0287304203957319,9.93114852905273,9.93123164467623
4.308172175,-0.0861912593245506,-0.0383072271943092,9.91199493408203,9.91244369215317
4.313177098,-0.0574608407914639,-0.0574608407914639,9.92157173156738,9.92190451078249
4.318181944,0,-0.0957680642604828,9.85453414916992,9.85499948347479
4.323156329,0.0191536135971546,-0.00957680679857731,9.91199493408203,9.91201806643885
4.328161252,-0.0191536135971546,-0.114921681582928,9.89284133911133,9.89352735957412
4.333166098,-0.0383072271943092,-0.00957680679857731,9.92157173156738,9.92165030544419
4.338171021,-0.0287304203957319,-0.0574608407914639,9.93114852905273,9.93135631680723
4.343175867,-0.0478840321302414,0.0383072271943092,9.88326454162598,9.8834547767443
4.34818079,-0.0574608407914639,-0.0766144543886185,9.95987892150879,9.96033933427776
4.353155175,-0.0670376494526863,-0.0670376494526863,9.93114852905273,9.93160103905682
4.358160021,-0.0383072271943092,-0.0670376494526863,9.97903251647949,9.97933121281454
4.363164944,-0.0191536135971546,-0.105344876646996,9.93114852905273,9.93172570654546
4.36816979,0.0287304203957319,-0.0670376494526863,9.88326454162598,9.88353365367173
4.373174714,0.00957680679857731,-0.0478840321302414,9.86411094665527,9.86423181822517
4.37817956,-0.0383072271943092,-0.0861912593245506,9.94072532653809,9.94117278768029
4.383153944,-0.0957680642604828,-0.0766144543886185,9.87368774414063,9.87444940062717
4.388158867,-0.0574608407914639,-0.0957680642604828,9.94072532653809,9.94135268904752
4.393163714,0.00957680679857731,-0.0861912593245506,9.90241813659668,9.9027978672904
4.398168637,-0.00957680679857731,-0.105344876646996,9.87368774414063,9.87425434790177
4.403173483,-0.0670376494526863,-0.0478840321302414,9.83538055419922,9.83572557429788
4.408178406,-0.0766144543886185,-0.0766144543886185,9.90241813659668,9.90301088059795
4.413183252,-0.0766144543886185,-0.0574608407914639,9.90241813659668,9.90288122087934
4.418157637,-0.0191536135971546,0,9.89284133911133,9.89285988083041
4.42316256,-0.0766144543886185,0,9.96945571899414,9.96975010256557
4.428167406,-0.0191536135971546,-0.0766144543886185,9.91199493408203,9.9123095295094
4.433172329,-0.00957680679857731,-0.0670376494526863,9.90241813659668,9.90264968145756
4.438177175,-0.0383072271943092,-0.0383072271943092,9.86411094665527,9.86425971146518
4.443182098,-0.0191536135971546,-0.134075298905373,9.95987892150879,9.96079972581547
4.448156483,-0.00957680679857731,-0.114921681582928,9.91199493408203,9.91266575051304
4.453161329,-0.0670376494526863,-0.0957680642604828,9.82580375671387,9.82649912400285
4.458166252,-0.0383072271943092,-0.114921681582928,9.95987892150879,9.96061557172388
4.463171098,-0.0191536135971546,-0.0383072271943092,9.95987892150879,9.95997100576524
4.468176021,0.0191536135971546,-0.0861912593245506,9.87368774414063,9.87408251246112
4.473180868,0.0191536135971546,-0.0383072271943092,9.95987892150879,9.95997100576524
4.478155252,-0.0478840321302414,-0.0670376494526863,9.88326454162598,9.88360789017546
4.483160175,-0.0478840321302414,-0.0383072271943092,9.94072532653809,9.94091446205348
4.488165021,-0.00957680679857731,-0.0574608407914639,9.89284133911133,9.89301284868684
4.493169945,-0.0383072271943092,-0.105344876646996,9.86411094665527,9.8647478302598
4.498174791,0.00957680679857731,-0.105344876646996,9.96945571899414,9.97001688018878
4.503179714,-0.0383072271943092,-0.143652096390724,9.90241813659668,9.90353413284629
4.508154098,-0.00957680679857731,-0.0670376494526863,9.87368774414063,9.87391996273341
4.513158945,0.00957680679857731,-0.0957680642604828,9.94072532653809,9.94119123923468
4.518163868,-0.0574608407914639,-0.0766144543886185,9.86411094665527,9.86457582923717
4.523168714,0.0191536135971546,-0.0766144543886185,9.87368774414063,9.87400356007268
4.528173637,-0.0670376494526863,-0.0478840321302414,9.94072532653809,9.94106669048412
4.533178483,-0.0383072271943092,-0.0957680642604828,9.92157173156738,9.92210787032798
4.538183406,-0.0191536135971546,-0.0574608407914639,9.87368774414063,9.87387351944165
4.543157791,-0.00957680679857731,-0.0670376494526863,9.84495735168457,9.84519024794141
4.548162637,-0.0670376494526863,-0.0191536135971546,9.95987892150879,9.96012294293966
4.55316756,-0.0478840321302414,-0.0670376494526863,9.87368774414063,9.87403142570298
4.558172406,-0.00957680679857731,-0.0574608407914639,9.94072532653809,9.94089600997459
4.563177329,-0.0383072271943092,-0.0766144543886185,9.92157173156738,9.92194148556187
4.568182176,-0.0383072271943092,-0.0861912593245506,9.90241813659668,9.90286732864973
4.57315656,0,-0.0766144543886185,9.87368774414063,9.87398498294453
4.578161483,-0.0287304203957319,-0.0957680642604828,9.96945571899414,9.9699570857739
4.583166329,-0.0766144543886185,-0.0861912593245506,9.85453414916992,9.8552088767799
4.588171252,-0.0478840321302414,0,9.88326454162598,9.88338053908147
4.593176099,-0.0287304203957319,-0.0478840321302414,9.91199493408203,9.91215223303481
4.598181022,-0.0383072271943092,-0.0957680642604828,9.91199493408203,9.91253159082257
4.603155406,-0.0191536135971546,-0.0191536135971546,9.96945571899414,9.96949251741595
4.608160253,-0.0191536135971546,-0.0191536135971546,9.95030212402344,9.95033899327922
4.613165176,-0.0574608407914639,-0.0766144543886185,9.98860931396484,9.98906840250235
4.618170022,0.00957680679857731,-0.0287304203957319,9.92157173156738,9.92161795157028
4.623174945,-0.0574608407914639,-0.0861912593245506,9.94072532653809,9.94126504520849
4.628179791,-0.0383072271943092,-0.0383072271943092,9.89284133911133,9.89298967189093
4.633154176,-0.0191536135971546,-0.0574608407914639,9.87368774414063,9.87387351944165
4.638159099,-0.0383072271943092,-0.0383072271943092,9.95030212402344,9.95044960022691
4.643163945,-0.0287304203957319,-0.114921681582928,9.9981861114502,9.998887835612
4.648168868,-0.0766144543886185,-0.105344876646996,9.90241813659668,9.90327482551383
4.653173714,-0.0287304203957319,-0.00957680679857731,9.87368774414063,9.87373418829357
4.658178637,-0.0191536135971546,-0.0383072271943092,9.95030212402344,9.95039429690675
4.663183483,-0.0957680642604828,-0.12449848651886,9.89284133911133,9.89408819225439
4.668157868,-0.0191536135971546,-0.114921681582928,9.92157173156738,9.9222557656235
4.673162791,-0.0191536135971546,-0.0478840321302414,9.94072532653809,9.94085910568712
4.678167637,-0.0287304203957319,-0.0670376494526863,9.94072532653809,9.94099288306636
4.68317256,-0.0191536135971546,-0.0478840321302414,9.87368774414063,9.87382243157328
4.688177407,-0.0191536135971546,-0.0478840321302414,9.89284133911133,9.89297576577831
4.69318233,-0.0383072271943092,-0.0766144543886185,9.92157173156738,9.92194148556187
4.698156714,-0.0574608407914639,-0.0478840321302414,10.0077629089355,10.0080424194856
4.70316156,-0.0478840321302414,-0.0766144543886185,9.91199493408203,9.91240668195278
4.708166484,0.00957680679857731,-0.0383072271943092,9.92157173156738,9.92165030544419
4.71317133,-0.00957680679857731,-0.0670376494526863,9.85453414916992,9.85476681909972
4.718176253,-0.00957680679857731,-0.0861912593245506,9.83538055419922,9.83576287302274
4.723181099,-0.00957680679857731,-0.0670376494526863,9.89284133911133,9.89307310811472
4.728155484,-0.0478840321302414,-0.0766144543886185,9.86411094665527,9.86452469321653
4.733160407,-0.0383072271943092,-0.0670376494526863,9.88326454162598,9.88356613221467
4.738165253,-0.0191536135971546,-0.0766144543886185,9.88326454162598,9.88358005154491
4.743170176,-0.0670376494526863,-0.0478840321302414,9.96945571899414,9.96979609921698
4.748175022,-0.0478840321302414,-0.12449848651886,9.98860931396484,9.98949992645797
4.753179945,-0.00957680679857731,-0.0957680642604828,9.98860931396484,9.98907299324546
4.75815433,0,-0.0478840321302414,9.88326454162598,9.88338053908147
4.763159176,-0.0957680642604828,-0.114921681582928,9.88326454162598,9.8843966186506
4.768164099,-0.0287304203957319,-0.0670376494526863,9.96945571899414,9.96972250448754
4.773168945,0.0574608407914639,-0.0383072271943092,9.79707336425781,9.79731676003842
4.778173868,0,-0.0957680642604828,9.91199493408203,9.91245757092559
4.783178714,-0.0191536135971546,-0.0574608407914639,9.87368774414063,9.87387351944165
4.788183638,-0.0861912593245506,-0.134075298905373,9.86411094665527,9.86539861773892
4.793158022,-0.0383072271943092,-0.00957680679857731,9.88326454162598,9.88334342004997
4.798162868,-0.0287304203957319,-0.0861912593245506,9.90241813659668,9.90283491340934
4.803167791,-0.0383072271943092,-0.114921681582928,9.88326454162598,9.88400690187509
4.808172638,-0.0574608407914639,-0.0383072271943092,9.87368774414063,9.87392925135037
4.813177561,-0.0574608407914639,-0.0287304203957319,9.92157173156738,9.92177971988481
4.818182407,-0.0670376494526863,-0.0766144543886185,9.95030212402344,9.95082288961123
4.823156792,-0.0383072271943092,-0.0478840321302414,9.94072532653809,9.94091446205348
4.828161715,-0.00957680679857731,-0.0287304203957319,9.84495735168457,9.84500393137416
4.833166561,0.00957680679857731,-0.0766144543886185,9.91199493408203,9.9122956505099
4.838171484,-0.0383072271943092,-0.0478840321302414,9.95030212402344,9.95049107750636
4.84317633,-0.00957680679857731,-0.0670376494526863,9.9981861114502,9.99841543850165
4.848181253,-0.0766144543886185,-0.0383072271943092,9.94072532653809,9.94109436812428
4.853155638,-0.00957680679857731,-0.0383072271943092,9.86411094665527,9.86418997823989
4.858160484,-0.0861912593245506,-0.0478840321302414,9.90241813659668,9.90290900522245
4.863165407,0,-0.0861912593245506,9.95987892150879,9.96025185747324
4.868170253,-0.0287304203957319,-0.0287304203957319,9.96945571899414,9.96953851525221
4.873175176,-0.0191536135971546,-0.0478840321302414,9.91199493408203,9.91212910099111
4.878180022,-0.0957680642604828,-0.0861912593245506,9.88326454162598,9.88410433246622
4.883154407,0.0287304203957319,-0.0766144543886185,9.89284133911133,9.89317972001456
4.88815933,-0.0861912593245506,0,9.92157173156738,9.92194610738342
4.893164176,-0.0478840321302414,-0.0861912593245506,9.92157173156738,9.92206165261807
4.898169099,-0.0574608407914639,-0.0957680642604828,9.90241813659668,9.90304792588401
4.903173946,0,0,9.88326454162598,9.88326454162598
4.908178869,-0.0957680642604828,-0.0766144543886185,9.86411094665527,9.8648733425563
4.913183715,-0.0670376494526863,-0.00957680679857731,9.95987892150879,9.96010913056617
4.918158099,-0.0383072271943092,-0.0287304203957319,9.88326454162598,9.8833805390905
4.923163023,-0.0478840321302414,-0.0670376494526863,9.91199493408203,9.9123372874537
4.928167869,-0.0478840321302414,-0.0766144543886185,9.93114852905273,9.9315594828436
4.933172792,-0.0287304203957319,-0.0574608407914639,9.86411094665527,9.86432014652834
4.938177638,-0.0574608407914639,-0.0670376494526863,9.93114852905273,9.93154101339641
4.943182561,0.00957680679857731,-0.0957680642604828,9.91199493408203,9.91246219718535
4.948156946,-0.0574608407914639,-0.0766144543886185,9.85453414916992,9.85499948351099
4.953161792,-0.0383072271943092,-0.0383072271943092,9.90241813659668,9.90256632592327
4.958166715,0.00957680679857731,-0.0574608407914639,9.93114852905273,9.93131937707972
4.963171561,-0.0287304203957319,-0.0191536135971546,9.93114852905273,9.93120855707281
4.968176484,0,-0.0574608407914639,9.95030212402344,9.95046803459866
4.97318133,0.0191536135971546,-0.0670376494526863,9.91199493408203,9.91224013433017
4.978155715,-0.0574608407914639,0,9.91199493408203,9.91216148584618
4.983160638,0,-0.0574608407914639,9.93114852905273,9.93131475960413
4.988165484,-0.0383072271943092,-0.0670376494526863,9.85453414916992,9.85483661900367
4.993170407,-0.0478840321302414,-0.0861912593245506,9.89284133911133,9.89333268290049
4.998175253,-0.0478840321302414,0,9.93114852905273,9.93126396722186
5.003180177,0,-0.00957680679857731,9.89284133911133,9.89284597454436
5.008154561,-0.0287304203957319,-0.0957680642604828,9.94072532653809,9.94122814228021
5.013159407,-0.00957680679857731,-0.0766144543886185,9.91199493408203,9.9122956505099
5.01816433,-0.105344876646996,-0.0287304203957319,9.91199493408203,9.9125963578348
